file,HP,AUC-PR,AUC-ROC,VUS-PR,VUS-ROC,Standard-F1,PA-F1,Event-based-F1,R-based-F1,Affiliation-F
001_NAB_id_1_Facility_tr_1007_1st_2014.csv,"{'bin_ratio': 0.03, 'context_ratio': 0.2}",0.15386486863419635,0.6106938901994017,0.14789338311475753,0.6141356467468638,0.19469362455759975,1.0,0.9999999999999996,0.3609141912756057,0.9751311918251654
001_NAB_id_1_Facility_tr_1007_1st_2014.csv,"{'bin_ratio': 0.03, 'context_ratio': 0.25}",0.17822403590924696,0.6766994681355654,0.1764801273200138,0.68075087310379,0.21646114206461334,1.0,0.9999999999999996,0.36567649609713787,0.9764476474953789
